epoch,train_kl,train_loss,train_recon,val_kl,val_loss,val_recon
0,0.14868744990477958,0.6808651045516685,0.383490209447013,0.0012749946292708902,0.3273174815318164,0.32476748438442454
1,0.0012481084567736145,0.32949449684884813,0.3269982783882706,0.0010161478284691624,0.3242933767683366,0.3222610757631414
2,0.0007543080635110123,0.3271132829012694,0.325604666824694,0.0007265561452025876,0.32296647920328025,0.3215133688029121
3,0.000589002661096553,0.32633796245963487,0.32515995811533044,0.00040760009056505035,0.32218237308894887,0.32136717088082256
4,0.0003373631574774023,0.3255995412667592,0.3249248144803224,0.0003350152281414279,0.321543227223789,0.3208731973872465
5,0.00031216307974385997,0.32529922392633226,0.32467489772372776,0.00022871109574814052,0.3214992021813112,0.321041778606527
6,0.00020609535384681765,0.32508240739504496,0.3246702167722914,0.00023037669170127416,0.32123936274472403,0.32077861007522135
7,0.0001962609360580919,0.3249289009306166,0.32453638006139685,0.00014110256726031795,0.3213384361828075,0.321056232732885
