{
  "beta_vae": {
    "ssim_mean": 0.5744849720762836,
    "ssim_std": 0.06728036913078224,
    "mse_mean": 0.015055045808872415,
    "cosine_mean": 